{"cameraMode":{"drawMode":0,"name":"Shaded","section":"Shading Mode"},"sceneLighting":true,"audioPlay":false,"sceneViewState":{"showFog":true,"showMaterialUpdate":true,"showSkybox":true,"showFlares":true,"showImageEffects":true,"showParticleSystems":true},"in2DMode":false,"pivot":{"x":353.1785583496094,"y":116.84466552734375,"z":-9.03497314453125},"rotation":{"x":0.010808016173541546,"y":0.01649363338947296,"z":-0.00017873056640382856,"w":0.9998087882995606},"size":102.35462188720703,"orthographic":false}